é¢˜ç›®,Flag,ä¸€è¡€è·å¾—è€…,ç»„åˆ«,æäº¤æ—¶é—´
[tutorial-signin] ç­¾åˆ°,/,ğŸ„â€â™‚ï¸ğŸŒŠâ„ï¸ğŸ¦… #é”‚ç¦»å­å•æ¨äºº,,2025-10-17 18:11:29
[tutorial-trivia] åŒ—æ¸…é—®ç­”,/,shisanli #fishing,,2025-10-18 11:49:25
[tutorial-trivia] åŒ—æ¸…é—®ç­”,ğ“¢ğ“¤ğ“ğ“•ğ“ğ““ğ“”ğ““,è¿™æ˜¯æ˜µç§° # å·ç§¯ç®—å­ç¡¬ç®—åŠå¤©é”™äº†å¿ƒæ€çˆ†ç‚¸,ï¼ˆæ–°ç”Ÿï¼‰,2025-10-17 21:27:03
[tutorial-trivia] åŒ—æ¸…é—®ç­”,â„‚ğ•†â„•ğ•‹â„ğ”¸ğ•Šğ•‹,shisanli #fishing,,2025-10-18 11:49:25
[misc-agent] åˆ«æ ·çš„äººæœºå¤§æˆ˜,/,ä¿®å‹¾ #ä¸»äººâ¤ï¸,,2025-10-17 18:41:01
[misc-agent] åˆ«æ ·çš„äººæœºå¤§æˆ˜,Level 1,ä¿®å‹¾ #ä¸»äººâ¤ï¸,,2025-10-17 18:16:30
[misc-agent] åˆ«æ ·çš„äººæœºå¤§æˆ˜,Level 2,ä¿®å‹¾ #ä¸»äººâ¤ï¸,,2025-10-17 18:41:01
[misc-wardenpp] Warden++,/,qmazon,ï¼ˆæ–°ç”Ÿï¼‰,2025-10-17 20:12:53
[misc-paper] å¼€æºè®ºæ–‡å¤ªå°‘äº†ï¼,/,StatInfer #å¯çˆ±æ–°ç”Ÿä¸€æšå–µ~,ï¼ˆæ–°ç”Ÿï¼‰,2025-10-18 12:59:57
[misc-paper] å¼€æºè®ºæ–‡å¤ªå°‘äº†ï¼,\ref{fig:flag-1},dycast,,2025-10-18 12:41:54
[misc-paper] å¼€æºè®ºæ–‡å¤ªå°‘äº†ï¼,\ref{fig:flag-2},StatInfer #å¯çˆ±æ–°ç”Ÿä¸€æšå–µ~,ï¼ˆæ–°ç”Ÿï¼‰,2025-10-18 12:56:25
[misc-ransomware] å‹’ç´¢ç—…æ¯’,/,Lost-MSth,,2025-10-19 17:27:23
[misc-ransomware] å‹’ç´¢ç—…æ¯’,å‘ç°å¨èƒ,qmazon,ï¼ˆæ–°ç”Ÿï¼‰,2025-10-18 19:57:39
[misc-ransomware] å‹’ç´¢ç—…æ¯’,å¿½ç•¥å¨èƒ,Lost-MSth,,2025-10-19 11:57:10
[misc-ransomware] å‹’ç´¢ç—…æ¯’,æ”¯ä»˜æ¯”ç‰¹å¸,Lost-MSth,,2025-10-19 17:27:23
[misc-DFIR] å–è¯å¤§å¸ˆ,/,ğŸ„â€â™‚ï¸ğŸŒŠâ„ï¸ğŸ¦… #é”‚ç¦»å­å•æ¨äºº,,2025-10-20 00:09:18
[misc-DFIR] å–è¯å¤§å¸ˆ,Flag 1,ğŸ„â€â™‚ï¸ğŸŒŠâ„ï¸ğŸ¦… #é”‚ç¦»å­å•æ¨äºº,,2025-10-18 12:22:16
[misc-DFIR] å–è¯å¤§å¸ˆ,Flag 2,ğŸ„â€â™‚ï¸ğŸŒŠâ„ï¸ğŸ¦… #é”‚ç¦»å­å•æ¨äºº,,2025-10-20 00:09:18
[web-calcaas] å°åŒ—çš„è®¡ç®—å™¨,/,qmazon,ï¼ˆæ–°ç”Ÿï¼‰,2025-10-20 14:56:07
[web-graphauth] ç»Ÿä¸€èº«ä»½è®¤è¯,/,ğŸ„â€â™‚ï¸ğŸŒŠâ„ï¸ğŸ¦… #é”‚ç¦»å­å•æ¨äºº,,2025-10-19 03:27:13
[web-graphauth] ç»Ÿä¸€èº«ä»½è®¤è¯,Flag 1ã€‘å¹¶æŠ¢äº†ã€ä½ çš„,kunyi #åˆ°æ­¤äºŒæ¸¸,,2025-10-19 00:15:50
[web-graphauth] ç»Ÿä¸€èº«ä»½è®¤è¯,Flag 2ã€‘å¹¶æŠ¢äº†ã€ä½ çš„,ğŸ„â€â™‚ï¸ğŸŒŠâ„ï¸ğŸ¦… #é”‚ç¦»å­å•æ¨äºº,,2025-10-19 03:27:13
[web-ezmcp] EzMCP,/,sjfhsjfh #GeekGame bye-bye,,2025-10-19 14:37:58
[web-ezmcp] EzMCP,Flag1ä¹‹AIå¸¦å¸ˆ,Marvin #æˆ‘æ”¾å¼ƒäº†Binary,,2025-10-18 21:25:28
[web-ezmcp] EzMCP,Flag2ä¹‹AIä¼ å¥‡,sjfhsjfh #GeekGame bye-bye,,2025-10-19 14:37:58
[web-clash] ææƒæ½œå…µ Â· æ–°æŒ‡å¯¼ç‰ˆ,/,ğŸ„â€â™‚ï¸ğŸŒŠâ„ï¸ğŸ¦… #é”‚ç¦»å­å•æ¨äºº,,2025-10-18 03:17:11
[web-clash] ææƒæ½œå…µ Â· æ–°æŒ‡å¯¼ç‰ˆ,æ¸…å‡‰,ğŸ„â€â™‚ï¸ğŸŒŠâ„ï¸ğŸ¦… #é”‚ç¦»å­å•æ¨äºº,,2025-10-17 20:56:40
[web-clash] ææƒæ½œå…µ Â· æ–°æŒ‡å¯¼ç‰ˆ,ç‚½çƒ­,ğŸ„â€â™‚ï¸ğŸŒŠâ„ï¸ğŸ¦… #é”‚ç¦»å­å•æ¨äºº,,2025-10-18 03:17:11
[web-grafana] é«˜å¯ä¿¡æ•°æ®å¤§å±,/,ğŸ„â€â™‚ï¸ğŸŒŠâ„ï¸ğŸ¦… #é”‚ç¦»å­å•æ¨äºº,,2025-10-19 21:42:51
[web-grafana] é«˜å¯ä¿¡æ•°æ®å¤§å±,æ¹–ä»“ä¸€ä½“ï¼Ÿ,ğŸ„â€â™‚ï¸ğŸŒŠâ„ï¸ğŸ¦… #é”‚ç¦»å­å•æ¨äºº,,2025-10-18 19:38:04
[web-grafana] é«˜å¯ä¿¡æ•°æ®å¤§å±,æ•°æ®é£è½®ï¼,ğŸ„â€â™‚ï¸ğŸŒŠâ„ï¸ğŸ¦… #é”‚ç¦»å­å•æ¨äºº,,2025-10-19 21:42:51
[binary-unity] å›¢ç»“å¼•æ“,/,ä½ æ˜¯è°ï¼Ÿ  #æ¥ç©é­”æ³•å°‘å¥³çš„é­”å¥³å®¡åˆ¤ï¼,,2025-10-17 21:27:43
[binary-unity] å›¢ç»“å¼•æ“,Flag 1: åˆå…¥å‰å›­,ä½ æ˜¯è°ï¼Ÿ  #æ¥ç©é­”æ³•å°‘å¥³çš„é­”å¥³å®¡åˆ¤ï¼,,2025-10-17 19:53:04
[binary-unity] å›¢ç»“å¼•æ“,Flag 2: è§†åŠ›é”»ç‚¼,èœœæ¡ƒæ˜Ÿå†°ä¹å¤šå¥¶æ²¹åŠ æŸ‘æ©˜æœè‚‰åŠ å·§å…‹åŠ›ç¢å°‘å†°,,2025-10-17 20:05:37
[binary-unity] å›¢ç»“å¼•æ“,Flag 3: ä¿®æ”¹å¤§å¸ˆ,ä½ æ˜¯è°ï¼Ÿ  #æ¥ç©é­”æ³•å°‘å¥³çš„é­”å¥³å®¡åˆ¤ï¼,,2025-10-17 21:27:43
[binary-ffi] æšä¸¾é«˜æ‰‹çš„ bomblab å®¡åˆ¤,/,Rowan,,2025-10-18 20:21:34
[binary-ffi] æšä¸¾é«˜æ‰‹çš„ bomblab å®¡åˆ¤,ç¬¬ä¸€æ¡ˆ,Rowan,,2025-10-18 20:19:55
[binary-ffi] æšä¸¾é«˜æ‰‹çš„ bomblab å®¡åˆ¤,ç¬¬äºŒæ¡ˆ,Rowan,,2025-10-18 20:21:34
[binary-java] 7 å²çš„æ¯›æ¯›ï¼šæˆ‘è¦å†™ Java,/,qmazon,ï¼ˆæ–°ç”Ÿï¼‰,2025-10-21 14:39:52
[binary-java] 7 å²çš„æ¯›æ¯›ï¼šæˆ‘è¦å†™ Java,çˆªå“‡è›‹ç¾¹,qmazon,ï¼ˆæ–°ç”Ÿï¼‰,2025-10-18 00:20:39
[binary-java] 7 å²çš„æ¯›æ¯›ï¼šæˆ‘è¦å†™ Java,çˆªå“‡è¥¿å…°èŠ±,qmazon,ï¼ˆæ–°ç”Ÿï¼‰,2025-10-18 00:31:21
[binary-java] 7 å²çš„æ¯›æ¯›ï¼šæˆ‘è¦å†™ Java,çˆªå“‡ç¾Šè…¿,qmazon,ï¼ˆæ–°ç”Ÿï¼‰,2025-10-21 14:39:52
[binary-RPGGame] RPGGame,/,Muel'Nova  #é¡¶æŠ¤æ‰¾æˆ‘,,2025-10-19 18:32:25
[binary-RPGGame] RPGGame,CLI,Muel'Nova  #é¡¶æŠ¤æ‰¾æˆ‘,,2025-10-18 23:16:48
[binary-RPGGame] RPGGame,TUI,Muel'Nova  #é¡¶æŠ¤æ‰¾æˆ‘,,2025-10-19 18:32:25
[binary-safekernel] ä¼ ç»Ÿ C è¯­è¨€æ ¸æ˜“å±,/,Muel'Nova  #é¡¶æŠ¤æ‰¾æˆ‘,,2025-10-23 02:09:42
[binary-safekernel] ä¼ ç»Ÿ C è¯­è¨€æ ¸æ˜“å±,é£æ²™èµ°çŸ³,Muel'Nova  #é¡¶æŠ¤æ‰¾æˆ‘,,2025-10-18 14:30:18
[binary-safekernel] ä¼ ç»Ÿ C è¯­è¨€æ ¸æ˜“å±,åŠ›æ‹”å±±å…®,Muel'Nova  #é¡¶æŠ¤æ‰¾æˆ‘,,2025-10-23 02:09:42
[algo-market] è‚¡ç¥¨ä¹‹ç¥,/,wasa855,,2025-10-18 13:30:52
[algo-market] è‚¡ç¥¨ä¹‹ç¥,æˆ‘æ˜¯å·´è²ç‰¹,wasa855,,2025-10-18 12:12:56
[algo-market] è‚¡ç¥¨ä¹‹ç¥,æˆ‘æ˜¯è‚¡ç¥¨å¥³ç‹,wasa855,,2025-10-18 13:20:23
[algo-market] è‚¡ç¥¨ä¹‹ç¥,æˆ‘æ˜¯è‚¡ç¥¨ä¹‹ç¥,wasa855,,2025-10-18 13:30:52
[algo-tree] æˆ‘æ”¾å¼ƒäº†ä¸€ key åˆ°åº•,/,RobertK #algoï¼Œæ¸©æš–çš„å®¶,,2025-10-21 03:29:23
[algo-oracle2] åƒå¹´è®²å ‚çš„æ–¹å½¢è½®å­ II,/,Marvin #æˆ‘æ”¾å¼ƒäº†Binary,,2025-10-22 20:23:20
[algo-oracle2] åƒå¹´è®²å ‚çš„æ–¹å½¢è½®å­ II,Level 1,dblark,,2025-10-17 23:25:16
[algo-oracle2] åƒå¹´è®²å ‚çš„æ–¹å½¢è½®å­ II,Level 2,dblark,,2025-10-18 01:08:22
[algo-oracle2] åƒå¹´è®²å ‚çš„æ–¹å½¢è½®å­ II,Level 3,Marvin #æˆ‘æ”¾å¼ƒäº†Binary,,2025-10-22 20:23:20
[algo-ACG] é«˜çº§å‰ªåˆ‡å‡ ä½•,/,zyy,,2025-10-20 21:46:25
[algo-ACG] é«˜çº§å‰ªåˆ‡å‡ ä½•,The Truth,qmazon,ï¼ˆæ–°ç”Ÿï¼‰,2025-10-18 11:32:55
[algo-ACG] é«˜çº§å‰ªåˆ‡å‡ ä½•,The Kernel,zyy,,2025-10-20 21:46:25
[algo-slide] æ»‘æ»‘æ¢¯åŠ å¯†,/,zhjxaoini #é‡åˆ°å›°éš¾ç¡å¤§è§‰,ï¼ˆæ–°ç”Ÿï¼‰,2025-10-20 00:06:52
[algo-slide] æ»‘æ»‘æ¢¯åŠ å¯†,æ‹¿åˆ° easy flag åªèƒ½ç»™ä½  3.3,wasa855,,2025-10-18 19:40:57
[algo-slide] æ»‘æ»‘æ¢¯åŠ å¯†,æ‹¿åˆ° hard flag æ‰æœ‰ 4.0,zhjxaoini #é‡åˆ°å›°éš¾ç¡å¤§è§‰,ï¼ˆæ–°ç”Ÿï¼‰,2025-10-20 00:06:52
